Theme,Theme definition,Sub-theme,Definition,When to use,When not to use,Example quote,R-ID,N (respondents)
Syntax & Placeholders,Changes to syntax/placeholder mechanics that improve clarity.,Named placeholders,"Support names (e.g., {user}) for clarity over positions.",Mentions names/labels for variables in strings.,If names are not mentioned.,"I don't. The concatenation syntax (+) is already very self explanatory, since you really are just adding the characters of two substrings to each other. The interpolation syntax ({}) seems",b1858df4,1
Syntax & Placeholders,Changes to syntax/placeholder mechanics that improve clarity.,Consistent syntax,Unify/standardize syntax across contexts or languages.,Calls for uniform/standard syntax.,If no standardization is requested.,"I don't. The concatenation syntax (+) is already very self explanatory, since you really are just adding the characters of two substrings to each other. The interpolation syntax ({}) seems",b1858df4,1
Syntax & Placeholders,Changes to syntax/placeholder mechanics that improve clarity.,Simpler syntax,Reduce punctuation or tokens; make markers more legible.,Requests simpler/clearer markers.,If complexity is not about syntax tokens.,"I don't. The concatenation syntax (+) is already very self explanatory, since you really are just adding the characters of two substrings to each other. The interpolation syntax ({}) seems",b1858df4,0
Syntax & Placeholders,Changes to syntax/placeholder mechanics that improve clarity.,Allow expressions,Permit controlled inline expressions for clarity.,Wants embedding of expressions/functions.,If expressions are not requested.,"I don't. The concatenation syntax (+) is already very self explanatory, since you really are just adding the characters of two substrings to each other. The interpolation syntax ({}) seems",b1858df4,0
Safety & Checks,Static/dynamic checks that prevent or surface mistakes earlier.,Type checks,Provide static checks for format/placeholder types.,Requests compile-time/static type checks.,If checking types is not referenced.,"I don't. The concatenation syntax (+) is already very self explanatory, since you really are just adding the characters of two substrings to each other. The interpolation syntax ({}) seems",b1858df4,0
Safety & Checks,Static/dynamic checks that prevent or surface mistakes earlier.,Placeholder checks,Validate names/indices; detect missing or extra placeholders.,Requests validation of placeholders.,If placeholder validation isn't mentioned.,"I don't. The concatenation syntax (+) is already very self explanatory, since you really are just adding the characters of two substrings to each other. The interpolation syntax ({}) seems",b1858df4,0
Syntax & Placeholders,Changes to syntax/placeholder mechanics that improve clarity.,Indexed placeholders,Allow or improve positional indices when helpful.,Discusses positional indices.,If indices aren't mentioned.,"I don't. The concatenation syntax (+) is already very self explanatory, since you really are just adding the characters of two substrings to each other. The interpolation syntax ({}) seems",b1858df4,0
Syntax & Placeholders,Changes to syntax/placeholder mechanics that improve clarity.,Escape simplification,Reduce need for escaping or make it clearer.,Mentions escaping/backslashes/quotes pain.,If escaping isn't discussed.,"I don't. The concatenation syntax (+) is already very self explanatory, since you really are just adding the characters of two substrings to each other. The interpolation syntax ({}) seems",b1858df4,2
Readability & Formatting,Formatting/layout features that aid quick comprehension.,Improve readability,General readability improvement notes.,General readability suggestion.,If no readability improvement is suggested.,"I don't. The concatenation syntax (+) is already very self explanatory, since you really are just adding the characters of two substrings to each other. The interpolation syntax ({}) seems",b1858df4,33
Readability & Formatting,Formatting/layout features that aid quick comprehension.,Multiline support,Native multi-line string/template support.,Mentions multiline/template blocks.,If multiline isn't referenced.,"I don't. The concatenation syntax (+) is already very self explanatory, since you really are just adding the characters of two substrings to each other. The interpolation syntax ({}) seems",b1858df4,2
Readability & Formatting,Formatting/layout features that aid quick comprehension.,Auto-formatting,Automatic code formatting for strings/templates.,Mentions formatter/auto-format tooling.,If no formatter is mentioned.,"I don't. The concatenation syntax (+) is already very self explanatory, since you really are just adding the characters of two substrings to each other. The interpolation syntax ({}) seems",b1858df4,6
Readability & Formatting,Formatting/layout features that aid quick comprehension.,Better spacing,Alignment/spacing aids for complex strings.,Mentions alignment/indent/whitespace.,If spacing/alignment isn't noted.,"I don't. The concatenation syntax (+) is already very self explanatory, since you really are just adding the characters of two substrings to each other. The interpolation syntax ({}) seems",b1858df4,5
Readability & Formatting,Formatting/layout features that aid quick comprehension.,Reduce boilerplate,Shorter syntax with fewer joins/wrappers.,Mentions verbosity/boilerplate.,If verbosity isn't mentioned.,"I don't. The concatenation syntax (+) is already very self explanatory, since you really are just adding the characters of two substrings to each other. The interpolation syntax ({}) seems",b1858df4,1
Tooling & IDE,Editor/linter/refactoring support that improves readability/debugging.,IDE support,Smarter highlighting/completion inside strings.,Mentions IDE/highlighting/autocomplete.,If no IDE tooling is referenced.,"I don't. The concatenation syntax (+) is already very self explanatory, since you really are just adding the characters of two substrings to each other. The interpolation syntax ({}) seems",b1858df4,14
Tooling & IDE,Editor/linter/refactoring support that improves readability/debugging.,Linter rules,Lint checks and suggestions for safer patterns.,Mentions linter warnings/rules.,If no lints/warnings are requested.,"I don't. The concatenation syntax (+) is already very self explanatory, since you really are just adding the characters of two substrings to each other. The interpolation syntax ({}) seems",b1858df4,25
Tooling & IDE,Editor/linter/refactoring support that improves readability/debugging.,Refactor support,Safer rename/extract operations within strings.,Mentions rename/extract refactors.,If refactoring isn't discussed.,"I don't. The concatenation syntax (+) is already very self explanatory, since you really are just adding the characters of two substrings to each other. The interpolation syntax ({}) seems",b1858df4,0
Localization,Features that support translation/pluralization/locale correctness.,i18n support,APIs for localization readiness.,Mentions translation/localization.,If localization isn't mentioned.,"I don't. The concatenation syntax (+) is already very self explanatory, since you really are just adding the characters of two substrings to each other. The interpolation syntax ({}) seems",b1858df4,0
Localization,Features that support translation/pluralization/locale correctness.,i18n features,Plural/gender/locale-specific formatting helpers.,Mentions plural/gender/locale helpers.,If plural/gender/locale not referenced.,"I don't. The concatenation syntax (+) is already very self explanatory, since you really are just adding the characters of two substrings to each other. The interpolation syntax ({}) seems",b1858df4,0
Standards & Process,"Conventions, documentation, and guidelines for consistent usage.",Style guidance,Official guidance and examples for consistent use.,Mentions style guide conventions.,If conventions/guidelines aren't requested.,"I don't. The concatenation syntax (+) is already very self explanatory, since you really are just adding the characters of two substrings to each other. The interpolation syntax ({}) seems",b1858df4,1
Maintainability,Templates/reuse to reduce duplication and ease updates.,Template reuse,Encourage reusable templates/snippets.,Mentions reusable templates/snippets.,If templates/snippets aren't requested.,"I don't. The concatenation syntax (+) is already very self explanatory, since you really are just adding the characters of two substrings to each other. The interpolation syntax ({}) seems",b1858df4,3
Standards & Process,"Conventions, documentation, and guidelines for consistent usage.",Docs/examples,Better docs and examples of best practice.,Mentions documentation/examples.,If docs/examples aren't requested.,"I don't. The concatenation syntax (+) is already very self explanatory, since you really are just adding the characters of two substrings to each other. The interpolation syntax ({}) seems",b1858df4,9
Portability,Cross-language or ecosystem consistency to reduce friction.,Cross-language,Make syntax/behavior consistent across languages.,Mentions portability/consistency across languages.,If portability isn't cited.,"I don't. The concatenation syntax (+) is already very self explanatory, since you really are just adding the characters of two substrings to each other. The interpolation syntax ({}) seems",b1858df4,2
Debugging,"Diagnostics, messages, and inspection features to understand issues.",Debugging aids,Improved inspection/logging for string values.,Mentions debugging/logging/trace.,If debugging isn't mentioned.,"I don't. The concatenation syntax (+) is already very self explanatory, since you really are just adding the characters of two substrings to each other. The interpolation syntax ({}) seems",b1858df4,3
Debugging,"Diagnostics, messages, and inspection features to understand issues.",Better errors,Clearer messages when formatting fails.,Mentions better error messages/diagnostics.,If error messages aren't mentioned.,"I don't. The concatenation syntax (+) is already very self explanatory, since you really are just adding the characters of two substrings to each other. The interpolation syntax ({}) seems",b1858df4,1
Performance,Clarity about performance impacts relevant to readability tradeoffs.,Performance clarity,Document/indicate performance costs.,Mentions performance implications.,If performance isn't discussed.,"I don't. The concatenation syntax (+) is already very self explanatory, since you really are just adding the characters of two substrings to each other. The interpolation syntax ({}) seems",b1858df4,0
Context/Constraints,Situational guidance (string length/complexity/domain).,Context dependent,Guidance varies by string length/complexity.,Mentions 'depends' or scenarios.,If no conditional guidance is described.,"I don't. The concatenation syntax (+) is already very self explanatory, since you really are just adding the characters of two substrings to each other. The interpolation syntax ({}) seems",b1858df4,10
